Question Type,Question
Interaction,does phosphatidylserine interact with antidepressants and antipsychotics?
Effectiveness,"does the herb ""eyebright"" cure cateracts before they start?"
Usage,"what is a good amount of sesame seeds,flax seeds,and pumpkin seeds to eat at once?"
Interaction,"does having dairy products like milk, yogurt, cheese reduce the effect of calcium pills for bone structures?"
Usage,vitamin b1 - how long does it take to work?
Usage,so how much water should i use for about a pound of dried mangosteen?
Effectiveness,do you believe taking ginseng can improve overall health?
Effectiveness,do msm supplements really make your hair grow or is it just a myth?
Usage,l-glutamine whats an appropriate dosage for ibs?
Usage,how much acai berry should be taken daily?
Indication,what are the benefits of using oil of oregano drops?
Availability,is there a copper supplement pill?
Effectiveness,does l-arginine make you grow taller?
Interaction,"""a multiple vitamin such as centrum amino acid"
Indication,health benefits of silica and fish oil supplements?
Adverse_Effects,does acai berry cause headache?
Safety,is it safe to feed the kids (manuka honey) or not?
Usage,is 1000 iu of vitamin d3 enough or too much for a 5'7 200 pound woman?
Effectiveness,does honey and lemon work for sore throat?
Usage,i drank magnesium citrate laxative about 2 months ago and i was wondering when it was safe to intake it again.
Usage,whats the best way to take valerian root?
Usage,is it safe to take sam-e at night before dinner or should it be taken only during the day ?
Availability,"hi there i live in toronto, scarborough area does anyone know where i can find the supplement choline and dmae around my area or in toronto?"
Effectiveness,does ganoderma mushrooms really work ?
Effectiveness,krill oil-anyone used it and what were the results?
Usage,diatomaceous earth how to use it?
Background,"what exactly is ""modified palm oil""?"
Availability,where can i buy vitamin k cream over the counter?
Indication,could dexamethasone sodium phosphate be used as a muscle gaining steroid?
Indication,can elderberry extract be used even when you're not sick/to keep your immune system boosted/strong?
Background,what exactly is agnus castus?
Indication,should a healthy young person be taking omega fish oil capsules? which contain eicosapentaenoic acid and docosahexaenoic acid.
Effectiveness,does l-tryptophan help you fall and stay asleep at night?
Background,what is passiflora syrup/surup ?
Indication,"hi all, i'm gonna ask about aloe vera, could any body tell me the benefits of aloe vera?"
Availability,"where can i find quercetin supplements in melbourne, aus?"
Availability,where are the places to buy epsom salts or magnesium sulfate in the philippines?
Effectiveness,do silicon paths help to reduce keloids?
Indication,what is grape seed good for?
Availability,is it possible to get intravenous alpha lipoic acid in the uk?
Usage,"""whats a safe but effective dose of vitamin b1 to take each day to combat possible deficiency?thanks in advance for any answers"
Usage,"well i have minor issue with a drooping eyelid which comes and goes - have done some reading up and due to me being a heavy smoker and not always having a great diet i think i could have a vitamin b1 deficency.also this latest time it happened i had just stopped taking multivitamins (with b1 etc) and have been drinking alcohol a little more than normal....i have multivitamins again now but wasn't sure if 1.5mg would be sufficient to improve my condition.... so its safe to take 100mg per day?"""
Usage,"""i have the following"
Safety,is a daily dose of 2 tablespoons of zinc 500 ppm safe?
Effectiveness,does black walnut hulls over the counter medicine really kill parasites if taken internally?
Effectiveness,would mastic gum pills be useful in treating candida ?
Safety,is rue herb safe to use to anticipate labor?
Indication,can i use the product l-dopa to raise dopamine levels.i am a female and was told this supplement is for men.?
Usage,does holy basil work better on a liquid form than a capsule form.?
Adverse_Effects,lately i've been drinking this tea made out of lemongrass and green tea.... but my throat hurts afterwards....? im used to drinking green tea so i know its not that but could it be the lemongrass?
Indication,can lemongrass be used to pass a urine drug test?
Indication,can anyone tell me if there is any other beneficial use for cascara sagrada besides it being a laxative?
Availability,where can arnica montana pills be purchased from?
Indication,"i am a 17 year old, i accidentally bought vitamin b1 (thiamine) instead of b7 (biotin), is it ok for me to continue taking the b1 supplement"
Indication,what is the element sulphur used for in naturopathic medicine?
Interaction,can i take ashwaganda tincture aswell as natracalm passiflora tablets on a daily basis?
Effectiveness,will glucosamine sulfate raise the estrogen level?
Effectiveness,would you say lycopodium and tyrosine could be used for the same reasons?
Background,what is lactobacillus acidophilus?
Interaction,can i mix polyethylene glycol with doxycycline hyclate?
Effectiveness,is boron chelate the same as borax to detoxify the body from fluoride?
Indication,"so does the salmon oil, or the epa "" dha add more omega-3 or something?"
Usage,what is the real recommended dose for omega-3/docosahexaenoic acid/eicosapentaenoic acid?
Availability,where can i purchase activated charcoal for taking into the body?
Adverse_Effects,can kava kava cause liver failure the first time you try it?
Adverse_Effects,what negative side effects does yellow jasmine (gelsemium sempervirens) have?
Usage,"how long should it take for my astragalus, echinechea, eyebright, propilis, and bilberry supplements begin to work once i begin taking them (daily)?"
Interaction,"is it beneficial to combine st. john's wort, valerian root and 5htp to combat anxiety?"
Availability,where can i buy borage and flaxseed oil in singapore ?
Safety,is taking extreme amounts of vitamin c supplements bad for you?
Usage,can i take alfalfa by it self or do i need to take blessed thistle with it?
Adverse_Effects,can apple cider vinegar cause hair loss?
Safety,is argyreia nervosa (hawaiian baby woodrose) safe to consume?
Usage,how long one can take nux vomica 200 for irritable bowel syndrome?
Interaction,will starch peanuts lower the effect that citric acid has on the body?
Interaction,is it safe to take coenzyme q10 and fish oil together?
Effectiveness,does magnesium citrate work for ibs?
Indication,is vitamin d3 (cholecalciferol) fda approved for crohn's ?
Usage,is it possible to take too much apple cider vinegar in one day?
Effectiveness,is there any scientific evidence that cod liver oil really does help joints and evening primrose oil helps hormonal issues or is it all made up?
Usage,how to use maca root?
Availability,where to buy khat in melbourne?
Effectiveness,a few colleagues have advised that i use kelp - would it be useful?
Usage,what is the dosage that i should take sepia 30c to treat constant nausea?
Indication,does anyone know the health benefits to barley grass?
Interaction,is it to take amoxicillion with iron supplements?
Safety,is brewer's yeast safe?
Indication,what do folic acid pills do?
Indication,is sea kelp an appetite suppressant?
Usage,its my first time at taking folic acid should i take a higher dose than 400 mcg ?
Availability,where can u buy castor oil from in the uk?
Availability,where do you buy inositol?
Indication,what is vitamin b12 used for?
Adverse_Effects,what are the side effects of taking gelanized maca?
Interaction,can i take cascara sagrada with metphormin?
Usage,why can't this salvia divinorum be ingested?
Usage,"also, how do i prepare morning glory for ingestion?"
Usage,how to use/ prepare gotu kola for anxiety?
Effectiveness,"do you think ""red yeast rice"" really helps lowering your cholesterol?"
Usage,can you buy raw anti-oxidant polyphenols and put them in liquid?
Availability,where can i buy vitamin b3 in sydney's inner west the cheaper the better?
Safety,"""ok i just bought vitamin c pills and the ingredients scare me, ingredients"
Usage,how much echinacea do i need in a day?
Safety,is it just clove oil that is poisonous to humans or cloves themselves?
Safety,is taking propolis safe?
Interaction,is eating onion and garlic together bad for the bowels?
Effectiveness,why did olive oil not work completely?
Indication,are there any proven benefits to taking shark cartilage?
Safety,are dong quai and damiana dangerous?
Background,what is arnica montana?
Adverse_Effects,has anyone ever heard of flaxseed oil allergy?
Interaction,can you prescribe arnica with metacam?
Effectiveness,do foods rich in vitamin c really lower the potency of adderall in your system?
Adverse_Effects,side effects of sepia homeopathic regime?
Indication,benefits
Adverse_Effects,side effects
Usage,uses
Indication,does flaxseed oil and omega 3 fish oil do the same thing?
Indication,does flaxseed oil and omega 3 fish oil do the same thing?
Availability,where can i buy bentonite clay?
Availability,where can i get selenium tablets in india?
Indication,do onion vapors cleanse your eyes?
Effectiveness,does d-mannose really work for utis?
Usage,how long should i continue treating myself with d-mannose?
Interaction,"is it safe to take vitamin c, grapeseed extract and vitamin d at the same time with glutathione?"
Usage,whats the best way to take 1000mg of niacin(immediate release) for increasing hdl's?
Indication,"will taking two fish oil caps, a multivitamin and a b-vitamin complex tablet every day help you live longer?"
Interaction,can you use bacopa (brahmi) and valerian root (tagara) herbs together?
Effectiveness,for those who have taken biotin did your hair grow longer?
Usage,how much vitamin a is in accutane?
Safety,who can guarantee that whey protein is not bad for our health if is not approved by fda?
Usage,how do you use bentonite clay for consumption?
Safety,if i'm take 5040 biotin is that too much?
Availability,where can i buy ipecac?
Safety,how much wintergreen oil is toxic?
Availability,where can i find water extract propolis?
Indication,can serrapeptase disolve or help with large eye floaters?
Interaction,can i drink alcohol while taking avena sativa?
Usage,"if we are supposed to take 5000 iu of vit d daily, how much calcium and magnesium should we also be consuming with it??"
Usage,what is the best way to combine damiana and passion flower?
Usage,can i simply chew ginseng root?
Background,what is the spice alum?
Safety,"will that 10,000 be toxic if i take the beta carotene?"
Effectiveness,how come bitter orange didn't work for me?
Interaction,"is it safe to take 5tp, vitamin d and rhodiola rosea together?"
Indication,is it true that bacopa monnieri can help me concentrate?
Usage,how do i make white willow bark remedy preparation?
Adverse_Effects,are either olive leaf extract or echinacea herbs irritant to the bowel?
Usage,how do i use passion flower extract?
Usage,can the body absorb hyaluronic acid taken orally (pills or capsules)?
Effectiveness,how much royal jelly do you have to eat for it to be effective?
Usage,how much kanna or kava kava should i take?
Usage,how much ephedrine is usually put in herbal ecstasy ?
Usage,how to use noni juice to clear acne?
Indication,"""milk thistle""...what's it good for?"
Indication,"also if you have a vitreous hemorrhage, can lutein and bilberry or one of them help?"
Effectiveness,so i searched on the internet and found out that parsley tea is good in getting rid of gallstones...is it true?
Effectiveness,is witch hazel a good antiseptic for a cut?
Indication,cranberry juice or colloidal silver for a urinary tract infection?
Usage,how should nux vomica 200 ideally be taken?
Effectiveness,how effective is milk thistle for liver problems?
Indication,"besides smelling nice and having aromatherapy benefits, can patchouli and camphor be used externally (topically) to benefit the hair and skin?"
Adverse_Effects,"when taking melatonin, do you develop a higher tolerance to it after awhile?"
Indication,are there health benefits for a teenager to take niacin?
Indication,are there any health benefits from apple and calendula jelly?
Usage,how many evening primrose oil capsules should i take?
Indication,what do you use fennel for?
Effectiveness,does hoodia work?
Availability,where can you find coenzyme q10 capsules in india?
Adverse_Effects,does evening primrose oil make you feel really nauseated?
Indication,what can i use my newly made borage syrup for?
Availability,where can i buy colostrum capsules in india?
Availability,where can i buy ashwagandha capsules in india?
Usage,would lacing my food with ipecac still make me vomit?
Usage,how long does someone need to take slippery elm for a stomach ulcer?
Usage,probiotics - can you suddenly stop taking them?
Background,what exactly is gelsemium?
Indication,are there benefits to eating raw (not dried or cooked) hemp leafs
Adverse_Effects,can kratom get you high?
Adverse_Effects,what are some of the negatives for using colloidal silver in skin creams?
Usage,what is the malic acid content of apple cider vinegar?
Interaction,does anyone know if you can take ephedrine while taking levothyroxine?
Adverse_Effects,how do i stop weight gain from taking cortisone (cartison)?
Adverse_Effects,will i get high off 20 mg of morphine sulfate?
Indication,can coral calcium really can treat bone spurs ?
Effectiveness,"i have read that coral calcium can help treat bone spurs, anyone know of this has really been tested or might know where i could find out more on what info or and the medical profession if any have anything to say on this matter?"
Interaction,is it ok taking althea pills while taking also vitamin e?
Safety,"is it fine to take st. johns wort, fish oil, "" l-theanine every morning?"
Effectiveness,does bilberry extract actually work?
Usage,what is a safe dosage of magnesium / l-theanine for a teenager?
Interaction,"can 5htp, gaba and sam-e be taken together?"
Interaction,is it ok to take ginkgo + lemon balm?
Effectiveness,what are the benefits of vitamin e cream?
Safety,is ginkgo biloba dangerous?
Usage,"can i take st john's wort three times a day, brahmi once a day, and then valerian root at night?"
Effectiveness,is lecithin 1200mg good for weight management?
Indication,"anyway, any health benefits from black tea (with say jasmine)?"
Indication,is the herb cordyceps powder (cordyceps sinensis) help full in prostate health?
Adverse_Effects,is it true if you eat a gram of morning glory seeds you'll hallucinate like shrooms?
Indication,what are the affects of dong quai?
Availability,does anyone know where i can get black seed oil supplements in dubai?
Availability,does anyone know where i can get black seed oil supplements in dubai?
Interaction,do st. jude work with noni fruit.?
Interaction,can i drink alcohol while taking l-tryptophan?
Availability,is taurine (the ingredient in redbull and other energy drinks) available in a supplement for over the counter?
Adverse_Effects,what happens if i eat a whole packet of silica gel?
Usage,when taking 5-htp what is a normal dosage?
Interaction,"i know that ginkgo biloba is a natural blood thinner, is it safe to take if i'm also taking natural caffeine daily energy vitamins and krill oil pills?"
Interaction,what is cascara sagrada?
Interaction,"can you take holy basil, ashawagandha, curcumin and passion flower together?"
Availability,where can i get some mugwort?
Effectiveness,does bicarbonate soda really minimize sweating?
Indication,can i just go directly and take chlorella or zeolite purported or supposed to cure heavy metal toxicity?
Safety,"if you just get cocaine just pure coca leaves in it nothing else, is it dangerous too?"
Background,can i make yellow turmeric spice as a dietary supplement?
Usage,with what can i dilute tea tree oil to make it have less of an odor?
Usage,how do i use tea tree oil properly?
Indication,what is dandelion root herbal supplement 550 mg use for?
Usage,"are you supposed to take breaks from taking adaptogens like rhodiola and ginseng, maca, etc.?"
Interaction,what would happen if i put lactase pills in soy milk?
Indication,will coconut oil kill strep?
Interaction,"i would also be taking vitamin c pills without any rose hips along with the teas, could that pose any sort of danger to me as well?"
Indication,what is garcinia cambogia good for?
Safety,is yohimbe safe to use?
Safety,"if your body stops producing normal amounts of cortisol, is dhea okay to take."
Background,what is clary sage oil omega 3 ?
Availability,is ephedra tea available in shops or do i have to buy on the internet?
Usage,does green tea extract contain sufficient quercetin?
Usage,"does drinking dieting tea help me in my diet,i know it's not good after every meal but what i mean is after fatty meals or sweets or even before sleeping if i ate right before i sleep.well i found a product of diet tea that contains 50% fennel ,30% chicory and 20 % senna.so are these herbs good for burning fats and sugar,and if i bought each herb separately and mixed them myself will they be better or what shall i do"
Indication,what are the health risks/benefits of palm oil?
Usage,how do you make dong quai tea?
Safety,is stevia safe to consume?
Background,diatomaceous earth - food grade?
Usage,"is there a ""right way"" to take anise seed and other herbs?...?"
Effectiveness,does n-acetyl carnosine dissolve cataracts or is this too a scam?
Effectiveness,"does the ""clove toothache remedy"" really work?"
Indication,what is the benefits of seaweed for the body?
Availability,where can i buy blackberry balsam?
Indication,does the honey cinnamon remedy help arthritis?
Indication,will gaba gama help my nerves for the withdrawls?
Adverse_Effects,holy basil is supposed to be good but has been shown to cause infertility ive heard?
Indication,would l-arginine and l-ornithined be a good resource for a teenager?
Indication,what are the uses for oregano oil?
Interaction,since lycopene is a carotenoid does it cause overdose in vitamin a?
Adverse_Effects,"can you get high from the spices cumin, thyme, or curry powder?"
Availability,where to buy lycopene capsules ?
Effectiveness,is whey protein good for rheumatoid arthritis?
Safety,can oleander be safely used as a sleep aid?
Indication,benefits
Adverse_Effects,side effects
Availability,where to buy
Indication,does anyone know astaxanthin benefits?
Interaction,"now i'm wondering, is it ok to take both the anti-fungal caprylic acid and the probiotic at the same time?"
Adverse_Effects,"also, one final thing- i am going to start taking solaray's borage oil- will there be any negative effects with that?"
Adverse_Effects,is the caffine and guarana in it making me pee?
Indication,can acacia catechu extract help with thyroid problem?
Indication,has anyone used chaste tree berry to help with amenorrhea?
Background,what is polysaccharides and glutathione?
Indication,effects of l- lysine on a 16 year old male?
Effectiveness,is l-glutamine good for anxiety?
Safety,is comfrey oil safe to use?
Adverse_Effects,will taking a glucose supplement increase my insulin?
Usage,what is a good dosage for amanita muscaria?
Indication,can i take 5 htp without taking vitamin b3 or something else to help with absorption?
Interaction,can i take natural vitamin e and lysine together?
Interaction,does anyone know is it safe to take siberian ginseng with sodium valproate?
Effectiveness,does avena sativa mother tincture work?
Indication,does phosphatidylserine lower or regulate cortisol?
Background,what is emu oil?
Effectiveness,do cod liver oil pills only have a placebo effect?
Effectiveness,does chromium really work to treat depression?
Interaction,"vitex raises progesterone levels, would this counteract any estrogenic effects saw palmetto might have?"
Indication,will keeping a lavender plant help me sleep?
Usage,how much horny goat weed do i have to take in order to work?
Indication,does neem leaf juice help decrease uric acid in blood?
Availability,does anybody know where i can get cheap clove oil from in bury st edmunds?
Interaction,does anybody know if any of the following ingredients react negatively with percocet
Adverse_Effects,is there any side effects in drinking neem leaf juice everyday?
Safety,is taking 500mg of niacinamide ( not niacin) safe?
Safety,safe to use
Indication,benefits
Effectiveness,do glycerin tinctures work?
Safety,is stevia safe to consume daily?
Adverse_Effects,when i take phenibut......its like a posion ...i feel deadly sick the next day
Indication,can i take agnus castus if i have a hyperthyroid?
Adverse_Effects,"would this cause someone to be unresponsive during sleep? if one took 500 mg magnesium, 1000 mg calcium, 1000 mg niacinamide, 2400 mg fish oil, 35 mg melatonin, l theanine, and was extremely fatigued?"
Indication,can you take the herb red clover if you suffer from migraines?
Safety,is is safe to use nitric oxide supplement past expiration date?
Indication,what are the medical uses for hawthorn?
Usage,how to take evening primrose oil?
Effectiveness,i knew senna was a laxative but should they be this effective?
Usage,what to do with frankincense?
Indication,will vitex/chaste tree give me periods?
Indication,"what effect on the brain function and memory loss does alpha lipoic acid and acetylcarnitine have, and are there any studies concerning these two supplements?"
Usage,how much coconut water for bladder/kidney problems?
Usage,chia seeds
Interaction,can you take vitamin b5 and vitex together daily?
Background,"i take a hops herbal supplement, what is it?"
Availability,"where can i get mullein leaf (verbascum thapsus) near bethesda, md.?"
Effectiveness,do supplements like serrapeptase and nattokinase work?
Adverse_Effects,is it possible to die from overdose of apple pectin?
Availability,where can i buy goji berries from?
Indication,are there any vitamins i can take to help poison ivy?
Effectiveness,does glucosamine sulfate really thicken cartilage in humans?
Indication,"please,advise me,is serrapeptase emzim will remove cured latent tb lung scar?thanks"
Interaction,is it safe to take evening primrose oil and divaloproex together?
Adverse_Effects,will taking trace minerals effect me if i have fluoride poisoning?
Indication,"i have fibromyalgia, is magnesium malate and malic acid good for this?"
Usage,"i'm wanting to make a rose hip tea, can i simply use them as is?"
Usage,can i use the rose hips straight from my garden?
Availability,where can i buy chicory root supplements?
Indication,is it true poison ivy cures verrucas?
Indication,can lemon verbena help control high blood pressure?
Interaction,my doctor told me not to drink citric acid with vyvanse... does the same thing apply for vitamin c?
Interaction,is it safe to take butcher's broom and horse chestnut supplement at the same time?
Safety,"is ""senna"" harmful to take it for long time for constipation ?"
Indication,does guarana work for energy
Indication,"what would a combination of goldenseal, rose hips and skullcap be a good remedy and/or supplement for?"
Indication,"what would a combination of goldenseal, rose hips and skullcap be a good remedy and/or supplement for?"
Safety,is smoking blue lotus daily safe?
Effectiveness,glycine supplement for anxiety?
Effectiveness,"i started taking horse chestnut today for my blood flow, could this help???"
Safety,is it safe to take 4 25mg doxylamine succinate pills at one time?
Safety,"also is ferrous fumarate (""iron"") safe?"
Interaction,can you take bitter orange and bee pollen together
Background,is vinpocetine a homeopathic drug?
Effectiveness,do gaba calm you without sedating you ?
Usage,can you dilute a glycerin medicine with water?
Effectiveness,sbl's arnica montana oil is really effective?
Safety,is it safe to consume glycerin (a.k.a. glycerol) as part of a supplement stack?
Usage,is there an alternative way to having a bcg vaccination?
Effectiveness,does fo-ti really strengthen the liver/kidneys and reduce gray hair?
Safety,if you consumed a small amount of beeswax everyday would it be bad for you?
Safety,is yerba mate safe to drink when healing lgs (leaky gut syndrome)?
Effectiveness,do holy basil natural capsules work well for anxiety/social anxiety?
Indication,i have some dry hops what can i do with them?
Indication,i have some dry hops what can i do with them?
Background,has pueraria mirifica been approved by fda?
Safety,is alum safe in food?
Interaction,are turmeric and yucca compatible to take together?
Interaction,can you mix ativan with herbs like holy basil and passionflower
Usage,will taking 100-300mg of either kelp or iodine support proper thyroid function.
Background,is is powdered thyme relay just thyme that's ben crushed till is powdered?
Interaction,is taking nattokinase and serrapeptase together ( on same day) dangerous?
Availability,where can i get maypop / passiflora incarnata / passionflower ?
Usage,how long can you take horsetail extract for?
Indication,what is the chemical use of propylene glycol in ointment?
Usage,how many milligrams of yucca for osteoarthritis.?
Effectiveness,i just drank some tea infused with panax ginseng right now should it help?
Usage,"natural arthritis remedy - what proportions should acv, boron, glucosamine sulfate and fulvic acid be used?"
Background,what is culturelle lactobacillus?
Indication,"do herbs such as tongkat ali, horny goat weed, herbs that help with virility, testosterone, have benefits in the long run?"
Adverse_Effects,repost
Usage,"hi guys, i ordered silicea 30c 100 tablets online for my 1 year keloid scars. how many tablets should i take and how many times a day?"
Background,is dextrose gluten free?
Availability,where can i buy wintergreen oil?
Safety,is hoodia gordonii safe to take?
Safety,is sucralose ok in moderation?
Usage,how many drops of sweet marjoram essential oil to 15 ml of jojoba oil?
Effectiveness,can humans use turpentine to get rid of pinworms or roundworms?
Usage,i did some research and found this herb called uva ursi that i bought today and i was just wondering how long before i start feeling relief?
Safety,can i use marjoram essential oil safely in a herbal tea?
Safety,if you take doxylamine succinate everyday will it do any damage to you?
Effectiveness,how long do 350mg of silymarin marianum stay in your system?
Effectiveness,is aloe vera juice good for high blood pressure?
Availability,where can i buy granular iodine and potassium iodide in the philippines?
Availability,where is the avaiblity of i/v edta in india
Indication,what is the bcg vaccination for ?
Usage,how often should i drink burdock root?
Usage,"i got dl-phenylalanine today cause i read its good for chronic pain,ive read that you can take up to 1500mg a day but on my tub of 500mg it says take one a day and dont take more than stated dose im a bit confused,what or how much can you take of dl-phenylalanine can you take a day????"
Adverse_Effects,i smoked some amanita muscaria legal mushrooms about 6 months ago anyway i didn't enjoy the experience never touching the things again :)... just recently i happened to come across some information on the fly agarics that said the toxins in them kill liver and kidney cells and can result in liver or kidney damage is this fully correct?
Interaction,are there any known interactions with california poppy and birth control?
Usage,"how do i use jojoba oil to treat acne(amount, application, etc)?"
Indication,does anyone knows please if oleander is really a good poison?
Interaction,what are the dangers of mixing codeine phosphate with diphenhydramine and alcohol?
Effectiveness,is coconut oil helpful for someone in moderate stage alzheimers?
Effectiveness,how long do the effects of inhaling clary sage essential oil last?
Indication,what is oolong tea for ?
Interaction,i just had some pie last night and today that had thiamine in it... is it safe to take the st john's wort now?
Interaction,can i take ashwagandha churna and shilajit sat together?
Effectiveness,do acid phos 30 and lycopodium 30 homeopathy medicine for premature greying work ?
Availability,where can i buy glycerol suppositories or enemas i to cure my constipation.
Interaction,can you take both ginkgo biloba and cordyceps?
Usage,how long does it take for sorbitol to work as a laxative?
Usage,if i use normally 12 g bcaa for training days and just 4g non workout days? when should i take a bcaa supplement?
Indication,what is the benefits of centrum with lutein.taking as asupplement diet after 50 what it gives benefit to health
Interaction,is it safe to take pau d'arco tea and garlic pills together?
Background,what is shark cartilage
Usage,black cohosh
Availability,where to buy n f cure capsules and shilajit in chennai?
Adverse_Effects,is the brahmi-gotu kola causing me head pain?
Interaction,can black cohosh interfere with prescription muscle relaxers?
Safety,are raspberry ketone pills safe for teenagers?
Availability,where can i buy acidophilus capsules?
Effectiveness,i am just wondering if epa or dha (omega 3 fatty acids) are more important for fighting anxiety.
Usage,and will the black cohosh start working soon?
Safety,is hyaluronic acid supplement safe for children with juvenile ra (rheumatoid arthritis)?
Interaction,could mixing reishi mushroom and rhodiola be harmful?
Adverse_Effects,what are the side effects of jiaogulan?
Background,what is
Indication,what are its benefits
Background,does anise (herb) contain water?
Availability,how can i get graviola fruit or tree in kolkata?
Indication,what is graviola supplements used for?
Availability,is there a drinkable vitamin b supplement containing a lot of vitamin b-2 (riboflavin)?
Adverse_Effects,the other ingredients in the product are
Indication,what are the benefits of black sesame seeds ...?
Background,do you know what magnesium stearate is?
Usage,how long can i take b12 methylcobalamin 2000 mcg daily?
Safety,"is ""silver"" a safe ingredient?"
Interaction,2-what happen if we mix bicarbonate with vinegar?
Interaction,is it safe to take vinpocetine 10mg with garlic 500mg everyday?
Usage,"in 100ml of almond oil, what concentration of boswellia sereta essential oil is effective for pain conditions?"
Effectiveness,will seaweed act as a laxative?
Adverse_Effects,is it possible to experience lactic acidosis only after one 500 mg pull of metformin?
Background,how many seeds of hawaiian baby woodrose seeds equal 1 kilo?
Usage,"im mixing kratom, california poppy and wild luttuce into a tea for anxiety and stress? how much of each should i use as in one dose?"
Interaction,"can you take amoxicillon, cordyceps, elderberry, zinc, calcium, and mushroom complex together?"
Interaction,will ginseng and guarana counteract with a magnesium supplement?
Adverse_Effects,does deer velvet have any side effects?
Usage,how can i use eucalyptus essential oil?
Availability,san jose ca where can i buy rue?
Effectiveness,does hibiscus tea/supplements really lower blood pressure?
Interaction,"i'd like to add taking cascara sagrada, green coffee bean extract, biotin, and dulcolax laxative table, would that be safe?"
Interaction,"i'd like to add taking cascara sagrada, green coffee bean extract, biotin, and dulcolax laxative table, would that be safe?"
Interaction,can i take whey protein while on prednisone?
Indication,im questioning the kefir grains if it even does anything?
Adverse_Effects,what are the side effects for panax ginseng?
Indication,i bought some herbal sleeping tablets they contain valerian hops and passionflower are they any good ?
Background,"what is coltsfoot, tussilago farfara?"
Effectiveness,is the advanced edta mega plus a good pill for heart stints?
Availability,"anyways, i was wondering where do i buy legit saffron capsules??"
Interaction,is it safe to take garcinia cambogia extract while on anxiety meds?
Background,"is the phosphorus used in bone elemental or is it in the form of, say, phosphate?"
Interaction,what happens when you mix lithium carbonate and adderall?
Indication,anyone know about reishi mushrooms being used in treatments?
Interaction,"""but was wondering if it's okay to use my homeopathic remedy drops lycopodium( use daily for headaches,stress and bit of anxiety) with the antibiotics too?"""
Interaction,"is it safe to combine l-dopa, l-arginine, and l-ornithine together?"
Interaction,so is it actually safe to consume a ns with talc?
Effectiveness,do vitamin b6 and calea zacatechichi actually work to induce lucid/vivid dreams?
Adverse_Effects,do omega-3 fatty acids really increase the risk of prostate cancer?
Availability,where to buy nitric oxide body supplement?
Background,what are some facts about raspberry ketones?
Safety,is it safe to smoke pau d'arco bark
Indication,does green coffee have any benefits over green tea?
Usage,how much apple cider vinegar can a 16-year-old drink?
Usage,can i take more dosages a day of magnesium citrate?
Effectiveness,does drinking/gargling apple cider vinegar help prevent a cold?
Effectiveness,how well does ginkgo biloba help with tinnitus?
Indication,what are the benefits of drinking apple cider vinegar?
Adverse_Effects,are there any negative effects to drinking too much apple cider vinegar?
Effectiveness,how effective is evening primrose oil in treating ocd?
Background,what is otc or vitamin d pills?
Adverse_Effects,does anyone know of any bad side effects to taking ginkgo biloba?
Effectiveness,does it work(burdock root)?
Safety,are magnesium shots safe?
Indication,"can the clear apple cider vinegar, still have the health benefits attributed to the raw apple cider vinegar?"
Interaction,is it ok to take a magnesium supplement and drink tea at the same time...?
Interaction,does honey affect the benefits of hot lemon water?
Adverse_Effects,does horny goat weed cause acne?
Indication,does great value apple cider vinegar offer the same benefits as organic apple cider vinegar?
Safety,is it safe to use organic apple cider vinegar to lower your blood pressure?
Effectiveness,can drinking wheatgrass boost oxygen or hemoglobin?
Indication,are there any other benifits a young lady can get from taking saw palmetto?
Adverse_Effects,do you get nausea with magnesium citrate?
Usage,"i remember hearing that honey can be used to stop a cough, but how would i take it?"
Usage,how much elderberry concentrate can you drink at one time.
Usage,how much biotin is safe to take per day?
Availability,where can i find burdock root supplements in mumbai?
Effectiveness,i've heard seasonal colon cleansing is healthy - can you use magnesium citrate to do it?
Availability,where to buy arnica montana pills?
Interaction,can i take alfalfa with spirulina
Usage,what dosage
Effectiveness,do biotin pills help make your skin better?
Availability,where can i find wheatgrass shots?
Adverse_Effects,does green tea really interfere with iron and folic acid absorption?
Safety,can wheatgrass be dangerous?
Adverse_Effects,does the evening primrose have any serious side effects?
Indication,"benefits of apple cider vinegar "" honey?"
Adverse_Effects,are there any side effects to olive leaf extract?
Usage,what is the best time of day to take vitamin d supplement.?
Indication,is evening primrose oil good for men too?
Indication,does flaxseed oil and omega 3 fish oil do the same thing?
Indication,what are the benefits of taking evening primrose oil capsules?
Usage,how many milligrams of magnesium should i take to help with 2 pulled muscles?
Indication,i also have a few other questions what is magnesium good for?
Interaction,can i take noni juice while taking aloe vira juice?
Background,what is arnica montana?
Adverse_Effects,does evening primrose oil cause dizziness?
Indication,what is vitamin d good for?
Usage,can i take three gingko/ginkgo pills at once?
Interaction,is it safe to take magnesium supplements with atenolol?
Indication,why should people who live in the north take supplemental calcium vitamin d?
Background,what is goji berry
Availability,is it available in india
Safety,is it bad to take large doses of vitamin d?
Interaction,can i mix gooseberry and wheatgrass juice and have them?
Indication,"benefits of wheatgrass, probiotic and aloe vera?"
Effectiveness,flaxseed oil pills...do they help weight loss?
Indication,what is the benefit of honey in our health?
Interaction,"i'm already taking magnesium and vitamin d pills, would lt be harmful to take gelatin pills with these pills?"
Effectiveness,is a colonic or magnesium citrate more effective?
Usage,can you take ginkgo in winter only or should it be all year round?
Safety,is arnica cream safe for kids?
Effectiveness,is goji juice good for hepatitis?
Availability,where can i buy folic acid capsules in india?
Indication,what does taken a teaspoon of honey do for you?
Interaction,"would there be any adverse affects mixing ginseng, ginkgo biloba, and kratom in a tea brew?"
Background,what is goji berries?
Usage,how much vitamin d is needed for health?
Usage,how many goji berries do i need to eat to see any result?
Indication,what are the health benefits of apple cider vinegar
Effectiveness,is nectar ease honey(manuka honey with bee venom) good for arthritis pain for my parents?
Background,the heck is a creamed honey?
Effectiveness,does apple cider vinegar clear your skin?
Background,what is wheatgrass powder?
Indication,what is wheatgrass supposed to be good for?
Interaction,is it okay to take ginkgo and lemon balm at the same time?
Usage,how do you use honey to cure sore throat?
Effectiveness,is vitamin e just as effective for cancer prevention as vitamin d?
Interaction,can i take my blood pressure medicine dyazide with apple cider vinegar
Effectiveness,does sodium sulfate work as a diuretic?
Effectiveness,is it true that apple cider vinegar lowers cholesterol?
Effectiveness,can folic acid 5mg pills help increase my iron level ?
Interaction,"is it ok to take vitamin d "" fish oil at the same time?"
Effectiveness,does apple cider vinegar really helps cure swelling?
Safety,is it bad for you if you consume to much honey and black pepper?
Effectiveness,does horny goat weed make your muscles bigger?
Usage,what is a safe dose of ginkgo biloba to give children?
Interaction,is apple cider vinegar any less beneficial if it is mixed with fruit juice?
Effectiveness,tea with honey and cinnamon can help cure a cold but can it also help prevent you from getting one?
Interaction,can apple cider vinegar be taken with glucosimine?
Effectiveness,does magnesium citrate help with sleep?
Availability,where can i buy sodium ascorbate in canada?
Availability,"where can i buy apple cider vinegar in ottawa, canada?"
Usage,correct calcium/magnesium/vitamin d3 ratio?
Effectiveness,does wheatgrass/barleygrass juice powders help heal esophagitis?
Safety,is grapefruit seed extract and/or elderberry safe during pregnancy?
Effectiveness,is heinz apple cider vinegar good for acne?
Usage,how long does it take for magnesium citrate to work?
Indication,benefits of apple cider vinegar ?
Availability,where can i find mullein tea?
Usage,how much wheatgrass juice should i intake?
Usage,are vitamin e pill effective without the capsules?
Background,what is it
Availability,where can it be found
Interaction,is it safe to take ginkgo and vitamin c together?
Interaction,does anyone know is it safe to take siberian ginseng with sodium valproate?
Background,what is apple cider vinegar
Availability,where can i buy some here in philippines
Effectiveness,does 'honey' cure indigestion problems?
Availability,where can i buy vitamin e oil here in the philippines?
Effectiveness,"if you take ginkgo biloba, do you find it really sharpens your memory ?"
Interaction,is it okay if i take magnesium pills a few hours before i take mdma?
Safety,is it safe to drink apple cider vinegar?
Usage,how much horny goat weed do i have to take in order to work?
Effectiveness,can apple cider vinegar help eczema?
Interaction,is it safe to take a multivitamin and vitamin e in one day?
Indication,what will i benefit from iron tablets?
Indication,what's the use of vitamin e..?
Safety,is it safe to take magnesium on its own?
Usage,are there any health impacts on having more than the rda of iron?
Adverse_Effects,can iron pills make you pee alot?
Effectiveness,"for sunburn remedy, which is better, aloe vera or apple cider vinegar?"
Availability,where can i buy apple cider vinegar ?
Background,what is magnesium
Indication,what do evening primrose pills do?
Interaction,is it ok to take vitamin / iron supplements whilst on the pill?
Adverse_Effects,can escessive iron cause constipation?
Usage,how much iron is too much to consume at once?
Usage,how do i intake magnesium?
Usage,i was prescribed diclofenac sodium...is it safe to take 2 for first oral dosage?
Interaction,"will ""tap water"" hamper the effect's of organic apple cider vinegar?"
Effectiveness,"i am interested will vinegar, or sodium bicarbonate help with my flea bites?"
Safety,is l-tyrosine safe for young adult?
Usage,can you take iron supplements by needle?
Interaction,"is it safe to take st john's wort, evening primrose oil and iron supplements?"
Indication,what are the benefits of taking a magnesium supplement?
Interaction,can you take lactobacillus acidophilus w/ bifidus together with folic acid?
Effectiveness,does magnesium improve restless legs?
Usage,when do iron pills kick in?
Usage,how can i take my wheatgrass powder?
Effectiveness,is vitamin e the answer for eczma on hands?
Availability,where can i find magnesium?
Effectiveness,could coconut oil really cure learning impairments?
Indication,what are the benefits of coconut for the human body?
Usage,i'm taking folic acid pills right now to make my hair grow long faster when will i notice results?
Indication,what is pure aloe vera juice good for?
Interaction,is it safe to take 5-htp and l-tyrosine together?
Indication,what happens if you take 10 naproxen sodium 550mg pills?
Interaction,can i eat chocolate with my iron supplements?
Usage,how much apple cider vinegar is safe to take every day?
Effectiveness,does apple cider vinegar increase your stomach acid?
Usage,how much wheatgrass juice is required to drink everyday ?
Effectiveness,does source naturals magnesium malate help anxiety?
Indication,"what is ""natural alfalfa"" used for"
Adverse_Effects,can apple cider vinegar make you sick?
Usage,how much magnesium mg would i have to take to relax my muscles?
Interaction,can i take folic acid and saw palmetto together?
Interaction,is it safe to take 3000 mg of sodium ascorbate a day plus 400 iu of vitamin e?
Safety,how long is it safe to take magnesium supplement pills?
Adverse_Effects,side effects of oregano oil?
Adverse_Effects,side effects of oregano oil?
Indication,what would happen if i took 3 iron tablets at once?
Interaction,is it safe for me to mix vyvanse with horny goat weed?
Effectiveness,do iron (pills) help reduce inflammation?
Availability,where can i get pure coconut oil?
Effectiveness,does arnica help to cure alopecia?
Interaction,can i take these iron supplements with this prescription?
Interaction,"is it safe to take biotin, folic acid and regular multivitamins all in the same day, everyday?"
Interaction,should i be taking a combination of iron and folic acid?
Availability,where can i buy goji juice except online?
Interaction,is it alright to take both pravastatin and magnesium chloride?
Interaction,"can i consume alcohol while taking my iron tablet, ferrous sulfate?"
Usage,can i take my iron pills before bed?
Adverse_Effects,side effects from taking iron tablets?
Effectiveness,"does magnesium citrate help your bones, muscles, and nerve endings?"
Effectiveness,magnesium and zinc pills would they help boost my testosterone levels if taken properly?
Interaction,can i drink wheatgrass while on doxycycline?
Effectiveness,is magnesium good for constipation?
Effectiveness,does goji juice work
Adverse_Effects,do magnesium pills make you really tired/sleepy?
Interaction,"whatll happen when i mix cranberry, green tea and magnesium pills?"
Indication,what are the effects of mugwort tea
Usage,how do i brew it
Usage,what is the dosage
Interaction,can you take iron pills with water?
Interaction,"can i take sea kelp tablets and calcium "" magnesium tablets together?"
Usage,how do you use magnesium for sleep?
Safety,is it safe for a 13 year old to take folic acid supplements!?
Background,what is the indian name of saw palmetto ?
Effectiveness,does evening primrose oil help with blushing?
Adverse_Effects,is there any side effect of nehar capsul(saw palmetto) ?
Interaction,can i mix horny goat weed with alcohol?
Adverse_Effects,are there saw palmetto topical solution side effects?
Effectiveness,will black elderberry extract boost my immune system after a heavy bout of the flu?
Interaction,im currently on antibiotics will me taking elderberry affect my antibiotics?
Usage,how much is too much folic acid?
Interaction,can i take biotin and folic acid pills at the same time?
Availability,also where can i buy slippery elm?
Effectiveness,do raspberry ketones really work?
Indication,are there benefits to raspberry ketones..?
Effectiveness,if i start taking iron supplements again would it help my eyebrows?
Interaction,can you take adderall and green coffee bean together?
Usage,is 1000mg magnesium citrate too much for me?
Usage,should you drink lots of water with biotin?
Adverse_Effects,what are the side affects of biotin pills if there are any?
Interaction,"can i take fishoil, biotin, and iron pills together?"
Interaction,can i safely take a multi gummy vitamin with a dose of biotin and a dose of magnesium?
Indication,what are the benifits of biotin?
Interaction,will i be okay if i take the biotin and iron every other day?
Interaction,can i take vitamin b complex with l-tyrosine supplements at the same time?
Interaction,can you take beta blocker and slippery elm?
Interaction,should i take folic acid and biotin together?
Interaction,is it safe to take dmae with acetyl-l-carnitine?
Effectiveness,please tell me which is better medicine for memory -:centella asiatica (gotu kola) and bacopa monnieri(brahmi)?
Interaction,l-lysine supplement safe to take with alcohol?
Availability,where to buy natural raspberry ketone?
Effectiveness,do cla supplements and drinking oolong tea really help make you lean?
Effectiveness,do raspberry ketones really work?
Interaction,can i take sulfur for my acne and phosphorus for my hair together like after a gap of 1or2hours?
Effectiveness,can uva ursi be taken to help with urine infections?
Safety,is it safe to give grape seed extract to children?
Effectiveness,"diagnosed w/ scolisosis.today used lotion that has bee venom,potentilla,comfrey,camphor,eucalyptus.any good?"
Interaction,can i take green tea or green coffee bean extract while taking epilepsy medication?
Usage,how is one to consume or use this salt for maximum effectiveness?
Usage,"""bcaa dynamitze nutrition and this last one is green tea or something like that l-carnitine 3000 plus thats all of the pills i think are good because i did some research but not all of them so can you guys help me out please and tell me what to take and how to take?"""
Adverse_Effects,will hawthorn lower blood pressure too much?
Interaction,what will happen if i take green tea diet pills and raspberry ketones together?
Effectiveness,effective
Safety,safe
Safety,is green coffee bean extract safe for minors?
Interaction,are grape seed supplements safe to take with adderall?
Usage,how much saw palmetto do i need to take to stop dht?
Usage,what is the dosage of arnica 200c?
Effectiveness,do you use zinc oxide for acne?
Safety,i'm wondering how bad it is for the body to receive that much aluminum?
Adverse_Effects,side effect of he shou wu or fo-ti?
Indication,why take alpha liopic acid and l-carnitine?
Adverse_Effects,l-glutamine is making me sick
Adverse_Effects,Ginseng and Ginkgo Biloba affects. Circulation problems?
Usage,Is Valerian and melatonin safe to take every day?
Effectiveness,Cranberry/blueberry-good for uti?
Usage,how long will you need to drink aloe juice before you observe its benefits?
Effectiveness,Can Cabbage Water cure you if your feeling sick or is it an old wives tale.?
Effectiveness,can honey and cinnamon lower cholesterol or triglycerides?
Availability,Where can I purchase Maca Root from?
Usage,Do I need to dilute palmarosa oil to dab on spots?
Effectiveness,Will Ginkgo Biloba work for me?
Indication,What are the benefits of drinking apple cider vinegar?
Background,What is the tamil name for noni juice?
Effectiveness,Does L-Arginine make you grow taller?
Effectiveness,does horny goat weed work?
Usage,i took kratom and felt nothing did i do it wrong?
Indication,what will happen to you smoke ginseng?
Indication,oil of oregano? what does it do?
Effectiveness,Does one drink of organic apple cider vinegar and water keep you alkaline all day?
Effectiveness,Do acai berries really work?
Adverse_Effects,Is it bad to drink a lot of green tea?
Indication,what is cod liver oil good for?
Effectiveness,Can I use almond oil as a carrier for rosemary oil?
Interaction,What can I drink apple cider vinegar with?
Effectiveness,"Could Valerian be helpful for older people with shaky hands, as it relaxes muscles? Other suggestions?"
Usage,How many mgs is high potency st johns wort?
Adverse_Effects,"I'm taking a vitamin B12 supplement of 1,000 mcg's per day, anyone have any side effects?"
Adverse_Effects,does acai berry cause headache?
Usage,How much acai berry should be taken daily?
Indication,what happens if I put peppermint extract on my skin?
Indication,what is the uses and benifit of sage?
Interaction,Sea kelp + levothyroxine together...?
Effectiveness,does caffeine work as anti depressent...?
Indication,Does Palm Oil have the same nutritional benefits as coconut oil?
Effectiveness,Is it ok to use saw palmetto for baldness purposes then an enlarged prostate?
Effectiveness,Do msm supplements really make your hair grow or is it just a myth?
Background,What is Tru Noni juice?
Effectiveness,Does garlic help a sore throat?
Safety,Is it true that continuous use of coconut or coconut oil for food is harmful?
Background,What's Horny Goat Weed?
Effectiveness,Have you ever taken Horny Goat Weed? Does it work?
Background,the Indian word of
Availability,where it is available
Adverse_Effects,Gargling with salt water side effect?
Effectiveness,Does boiled ginger and coke work for being sick?
Effectiveness,Are dried cranberries as effective as cranberry juice in treating UTIs?
Effectiveness,i bought Ginko Biloba 500mg supplement pills. do they really increase memory and healthy circulation?
Indication,"ok in a nut shell, what are the benefits of gree tea?"
Effectiveness,dose coffee really make make you more hiper ?
Effectiveness,Do you believe taking ginseng can improve overall health?
Background,what is (shiling oil)...?
Indication,WHAT ARE THE BENEFITS OF CILANTRO AND PHOSHYRUS?
Safety,Is Acai Pure/Berry trustworthy to use?
Availability,Where can I buy GOJI BERRY JUICE in Dubai?
Availability,Where can I buy Salvia?
Availability,"Where can I get cranberry juice in Kolkata, India?"
Background,What is Acai Berrry ?
Availability,Where can I buy Echinacea tea?
Interaction,Can I take black elderberry syrup while on Coumadin?
Effectiveness,will cranberry juice help gout?
Availability,where can i find tea tree oil?
Effectiveness,do acai berries really work?
Background,does green tea have caffeine?
Usage,how long does iron medicine take to make you better?
Adverse_Effects,Does anyone know of any bad side effects to taking Ginkgo Biloba?
Availability,Where can I purchase vibactra plus and collodial silver?
Availability,where can i get cranberry pills?
Interaction,Can you take Maca and Biotin at the same time?
Effectiveness,Can CRANBERRY JUICE cure URINARY TRACT INFECTIONS?
Indication,"I've recently noticed a lot of Aloe Vera juices in the market, what's the advantage of drinking it?"
Effectiveness,How well does ginkgo biloba help with tinnitus?
Effectiveness,Does St. Johns Wort work?
Effectiveness,Does it work(Burdock Root)?
Effectiveness,Does yellow mustard act as an emetic as well?
Availability,where can you buy ACAI BERRY in canada?
Usage,How to use dried mangosteen?
Usage,how many pills of vlaerian root can i take ?
Effectiveness,"I have the flu,and I'm wondering if green tea will relieve the fever and body aches.?"
Availability,Does anyone know where you can buy pure coconut oil for your skin?
Effectiveness,Are prunes good for constipation?
Background,what is otc or vitamin d pills?
Usage,Can I take Echinacea everyday
Background,what is Ecsphoria
Usage,at which time of the day i should take garlic?
Usage,How can I get the most from green tea?
Availability,where can i buy caffeine pills?
Effectiveness,Will arginine pills help boost my height and help me grow taller than i would be if i had not taken it. im 13?
Background,ingredients of chamomilla 30c?
Effectiveness,what are acai berry benificial for men?
Usage,How should a pill or hit of pure MDMA weigh out to?
Usage,How much Vicodin is safe?
Interaction,What should I add with Apple Cider Vinegar to improve its ability to cure/treat/lessen the hair problems?
Availability,Where can I find unsweetened ginger?
Availability,Where can i buy a high concentrated colloidal silver?
Adverse_Effects,Are there any side effects for Xenical ?
Effectiveness,Apple cider Vinegar is good for your health and skin?
Usage,Is it dangerous to take too much St. Johns Wort?
Availability,Where can you buy nat mur 30c?
Adverse_Effects,Does Lavender essential oil cause a seizure?
Effectiveness,Is lavender oil good for people with seizures?
Usage,Black Cohosh - Whats the Average Dosage?
Availability,Where can I buy Tamanu Butter in Australia?
Indication,What does Folinic Acid do for you? Thanks?
Background,What is Smash? What is Smash?
Effectiveness,Does Acai Berry work?
Safety,Is it safe for teenagers to take siberian ginseng?
Interaction,What *All* Does the Acai Berry do for me?
Effectiveness,Vitamin B1 - how long does it take to work
Effectiveness,"Acai berry, does it work? I see it everywhere is it a fad or for real?"
Interaction,"Can I take oil of oregano along with my pills that I am taking,warfrin,pravastatin alo purinol apo triazide?"
Usage,How long does it take for your body to absorb vitamin C?
Usage,How much vitamin C should I take for H1N1?
Interaction,"Can you take Gingko Biloba, B- Complex, and Zinc all at the same time?"
Background,what is zink
Usage,how do you eat it?
Usage,Have I consumed too much ginkgo biloba? What is the required dosage?
Usage,what is a good dosage for vitamin b-6 (energy and metabolism) a day?
Interaction,Can I take zinc supplements and tylenol cold at the same time?
Effectiveness,Does aloe vera really help to reduce sun spots?
Availability,where in kalamazoo MI can i buy salvia divinorum?
Indication,What are the benefits of colloidal silver?
Safety,Are magnesium shots safe?
Effectiveness,Does St. John's Wort work?
Background,what is kava kava
Indication,what is it used for?
Effectiveness,Does Niacin actually work?
Interaction,Is Kratom good mixed with Percocet?
Adverse_Effects,Cold Lemon Juice with Ice can cause constipation ?
Availability,Where can I buy acidophilus pills ?
Indication,what are the benefits of drinking green tea?
Usage,Is it good to drink Green Chili Pepper juice everyday morning?
Availability,Where can I buy Moringa Oleifera?
Background,what is blackjeera oil?
Usage,How else can I use Pure Tea Tree Oil?
Background,What is Black Cohosh?
Usage,Are all types of aloe vera safe to eat?
Availability,where can i buy quality korean red ginseng?
Interaction,Im taking Prilosec OTC in the morning and want to know if I can take Apple Cider Vinegar while taking Prilosec?
Usage,Omega-3 Fish Oil Dosage?
Usage,Does too much vitamin c hurt you?
Safety,Taking Natural Vitamin E 800 UI / Day is Safe?
Interaction,is it ok take vitamin c and d together?
Effectiveness,Is Kombucha tea good for you?
Usage,"Should Ginseng be taken daily, to gain full effects, or just enjoyed in tea occasionally in tea?"
Interaction,"Is it ok to take antiparasitic drugs, antifungal drugs, and probiotics at the same time?"
Availability,"hi,ah mm.....where can i buy rose hip oil here in cebu?"
Effectiveness,Can i take vitamin B12 to increase my energy? I feel tired all the time.?
Effectiveness,is red coral helpful in diabetes?
Interaction,Green tea with or without caffeine
Effectiveness,does salvia the drug work?
Effectiveness,does valerian help your insomnia?
Availability,Where can i buy vitamin k cream over the counter?
Availability,Where can i purchase prune juice in Bangalore. What is the cost of it?
Effectiveness,Is it true that cinnamon can be used as a digestive aid? And what about peppermint?
Interaction,Can I take Echinacea while on an immunosuppressant?
Effectiveness,does biotin for hair work?
Availability,where can i get Methylsulfonylmethane (MSM) supplements
Interaction,Does honey affect the benefits of hot lemon water?
Availability,where can i find hair gelatin pills ?
Usage,How long does it take prune juice to work?
Effectiveness,Can you use acidophilus for an ear infection?
Effectiveness,Is zinc good for a common cold?
Interaction,Is it safe to put St. John's Wort and Ginkgo Biloba in tea?
Interaction,Is it safe to take Kratom with Diverticulitis?
Safety,Is Glucosamine harmful.?
Indication,benefits of taking acai pills?
Availability,Where can I get Prime rose oil for women pills in Brussels?
Availability,Where can I buy acai berry?
Availability,does walgreens sell syrup of ipecac?
Availability,Where to buy fresh/dried Pelargonium radula leaves or extract?
Effectiveness,Do ginger tablets work for PLAIN REGULAR nausea?
Indication,Why is carrot juice good?
Background,What is glucosamine
Indication,what is it used for?
Effectiveness,dose cider vinegar help acne?
Availability,Where can you buy Kratom ( Mitragyna Speciosa ) in Grand Junction Colorado ?
Effectiveness,Does Ginseng Work? Does it really provide noticeable health benefits?
Adverse_Effects,Does apple cider erode esophagus wall?
Usage,How much Kefir should I start with?
Adverse_Effects,is there a risk taking Doxicycline (anti Malaria) and the use of temporary monoamine oxidase inhibitors (MAO?
Effectiveness,Does the herb Ginseng calm nerves?
Interaction,is it ok to drink alcohol while taking vitamin A?
Availability,anaphrodisiac herbs (where can I get some?)?
Effectiveness,How potent is Jack Herer?
Usage,Will swallowing Vyvanse powder without the capsule still work?
Interaction,can xanax and cerefolinNAC be taken together?
Indication,What are the brain specific benefits of CoQ10?
Interaction,Can I mix Tylenol and Neurobion together?
Adverse_Effects,can acidophilus powder kill people or make people sick?
Usage,Can I take more dosages a day of Magnesium Citrate?
Availability,is hesh amla powder available in india?
Interaction,and combined?
Effectiveness,Does tomato juice help to lower high blood pressure?
Background,what is olivera or olivera juice?
Availability,where can i purchase flax seed oil?
Usage,HOW MANY LYSINE PILLS SHOULD I TAKE?
Effectiveness,Is cranberry-grape juice good for you?
Indication,What is Zinc used for?
Indication,Benefits of Tea Tree Oil?
Indication,what is vitamin b6 good for?
Effectiveness,"are brain supplements like ginkgo, acetyl-l-carnitine, and PS effective in treating ADD?"
Interaction,"Will a vinegar , olive oil and tea tree oil treatment work on lice?"
Effectiveness,Can we use Apple Cider Vinegar on dry skin to remove pigmentation?
Effectiveness,does enzyte really work?
Adverse_Effects,can holy basil effect your mood negatively?
Usage,How do I take cod liver oil softgels?
Effectiveness,is it true that garlic can treat hemorrhoids?
Interaction,Is it safe to take Echinacea with Ciprofloxacin ?
Interaction,if you are on thyroxine
Safety,Is biotin safe to take for teens?
Effectiveness,is nettle tea good for calming the nerves?
Indication,What is Vitamin B12 needed for?
Interaction,Does grapefruit juice potentiate xanax?
Background,what is Ginseng 3X tablets
Indication,for what they are used
Availability,is salvia legal in maine?
Adverse_Effects,Does St. John's Wort cause nightmares?
Effectiveness,Can we use Apple Cider Vinegar on dry skin to remove pigmentation?
Effectiveness,is green tea bad for hairloss??? (10points)?
Interaction,Can I take Vicodin with Chammomile Tea?
Effectiveness,Can drinking wheatgrass boost oxygen or hemoglobin?
Adverse_Effects,Does taking ElderBerry syrup have any negative effects on people with Diabetes?
Adverse_Effects,Can you drink as much Green Tea as I want without any ill-effects?Are there ever any bad effects?
Effectiveness,Is Grape Juice an antioxidant?
Availability,"where can I find quercetin supplements in Melbourne, AUS?"
Background,what is maca or chasteberry
Availability,where to find it
Usage,"Is It Safe to use alot of Iron "" Calcuim tablets?"
Safety,is it safe for a 17 year old boy to take ginseng for gingko daily?
Effectiveness,Does rogaine really work?
Effectiveness,Can we use apple cider vinegar as facial mask even for dry skin?
Interaction,can i take mdma with milk?
Interaction,can you take a 8mg suboxone then take an oxy 80 8 hours later?
Safety,Is it safe for women to use saw palmetto?
Adverse_Effects,Can Valerian make your eyes swell?
Usage,how long will phenoxymethyl penicillin pills stay in your system?
Interaction,"How does zinc, copper and iron interact with each other and with other nutrients.?"
Effectiveness,does milk thistle work?
Interaction,will it be ok to take valerian tablet with citalopram?
Usage,What is the proper Vitamin E (mixed tocopherol) dosage for natural food preservation?
Effectiveness,does salt/lemon/honey in warm water work for a sore throat?
Effectiveness,Does drinking olive oil and lemon help with gall stones?
Interaction,Is it safe to take tylenol after drinking chrysanthemum tea?
Indication,what is grape seed good for?
Effectiveness,can raw ginger be swallowed to help w/ nausea ?
Effectiveness,Does onion juice or aloe vera actually work in improving alopecia areata?
Availability,Can anybody tell me how or where I can get Luthium and Nettle Juice
Availability,Where to get cheap reishi or similar mushrooms?
Safety,Is flax seed just as dangerous as soy?
Usage,Can homeopathic belladonna be used continually?
Background,Is Cornswell Apple Cider Vinegar organic?
Effectiveness,Does black walnut hulls over the counter medicine really kill parasites if taken internally?
Safety,Is nutribiotic grapefruit seed extract safe?
Availability,Where can I buy grapefruit seed extract?
Effectiveness,does drinking cherry juice help relieve gout?
Effectiveness,Would Mastic Gum pills be useful in treating Candida ?
Availability,Where can I buy Selenium pills?
Interaction,Does taking Prilosec for my hiatal hernia cancel the health benefits of taking Cayenne pepper capsules?
Availability,Where can you buy Salvia divinorum in Canada?
Availability,where can I get Cold Pressed Castor oil??
Indication,Chamomile tea benefits?
Availability,WhERE CAN I FIND MACA ROOT POWDER OR CAPSULES IN THE UK?
Background,what is ginkgo biloba?
Effectiveness,Does Niacin really work?
Safety,is it safe to use tea tree cream in nose?
Usage,How much oil of oregano is a safe dosage?
Effectiveness,dose yogurt cure yeast infection?
Effectiveness,Do green tea pills help lose weight?
Availability,Where Can You Buy Legal herbs or salvia in columbus oh?
Safety,"Is it safe to take Passionflower, St. John's Wort, and Melatonin?"
Effectiveness,Does Bilberry extract and Omega-3 actually improve eyesight?
Safety,is it safe to take melatonin?
Safety,Is Ginkgo Biloba herb is safe for teenagers?What is the recommended dose?
Availability,Where can I find wheatgrass shots?
Interaction,CAN I USE DONG QUAI AND MACA AT THE SAME TIME?
Effectiveness,Does cranberry juice really work to get rid of a bladder infection?
Background,What is Calea Zacatechichi?
Background,Does Apple Cider Vinegar (Raw/unfiltered) Contain probiotics?
Safety,Is Resveratrol safe for all ages?
Background,Do B12 vitamin make you smarter?
Availability,Where can I find Burdock Root supplements in Mumbai?
Effectiveness,Is taking Catalase supplements effective in reversing gray hair?
Effectiveness,Does green tea help with waking up?
Indication,Can I use Apple Cider Vinegar to remove a flat mole?
Interaction,Is taking l-arginine and l-carnitine together safe?
Indication,All Benefits of Vitamin A?
Adverse_Effects,Senna leaf side effects?
Adverse_Effects,chamomile oil and side effects?
Interaction,Is it safe to biotin 5000 mcg and 10000 mcg at the same time?
Background,What is vitamine b12?
Usage,Recommended daily value of Vitamin C?
Usage,Is 50000 IU Vitamin Capsule OK to have daily.?
Interaction,Can I take valium and cialis together?
Safety,Are taking daily magnesium and potassium pills safe?
Interaction,can you use korean ginseng and ginkgo biloba supplements at the same time?
Effectiveness,Do probiotics help with constipatin?
Effectiveness,Can taking Glucosamine MsM supplement affect my colitis? IBD?
Interaction,"Is it safe to take a vitamin b supplement, a vitamin d supplement, and a multivitamin at the same time?"
Adverse_Effects,Are there saw palmetto topical solution side effects?
Availability,Where in India can I get peppermint oil which is supposed to treat IBS (irritable bowel syndrome?
Safety,Is it okay to take 2 Vitamin B6 in one day?
Interaction,"Take resveratrol, vitamin E "" vitamin C together?"
Usage,Does Biotin have to be taken with food ?
Availability,Where can I buy kratom Extract capsules and other supplements?
Effectiveness,"Niacin, Is it actually good to take?"
Effectiveness,topical magnesium chloride to stop aching joints?
Background,What foods are high in Vitamin D?
Usage,How long will it take for St. John Worts to take affect?
Background,Is oregano oil a neurotoxin?
Adverse_Effects,does vitamin C cause acidity in the stomache?
Availability,Where would I find a 500 strain probiotic?
Effectiveness,Does garlic oil work for ear infections?
Usage,safe dosage of gingseng?
Effectiveness,will black elderberry extract boost my immune system after a heavy bout of the flu?
Background,How does orange juice help to soothe a sore throat?
Adverse_Effects,Does apple cider vinegar give you diarrhea?
Indication,Does valarian make you calm and relaxed?
Interaction,Is it safe to use Papi Multivitamins and Brewers Yeast at the same time?
Availability,Where can I purchase HCG Online?
Interaction,Safe to take Cialis while on Accutane?
Adverse_Effects,Is it possible to be allergic to MDMA?
Availability,does calciumm citrate come in smaller pills or powdered version?the pills out there are too large to swallow?
Interaction,Does Lemon/Lime Negate the effect of Anti-Biotics?
Usage,Do you have to take passion flower oil before meals?
Adverse_Effects,Does Zinc and Magnesium make one sleepy?
Indication,benefits
Adverse_Effects,side effects
Background,Does it contain antioxidants/vitamins?
Availability,Where can I buy
Usage,how do I take it?
Indication,My mum gave me belladonna for strep throat...?
Adverse_Effects,Risks of 'overdosing' on Vitamin D Gummy Bears?
Background,What does Vitamin B12 actually do?
Adverse_Effects,and what are the side effects?
Interaction,Ginseng + Guarana with Magnesium supplement?
Indication,Valerian Root For Sleep?
Safety,Can you take too much Vitamin C?
Interaction,Can I take a 750mg GABA supplement and a multi vitamin at the same time
Safety,"Is it safe to take garlic, ginkgo biloba and chlorella?"
Interaction,grapfruit can interfere with some medications?
Effectiveness,Does Hibiscus Tea/Supplements Really Lower Blood Pressure?
Effectiveness,Does fish oil help epilepsy?
Usage,is it safe to take a Vitamin C supplement and a daily multivitamin everyday?
Availability,Were do they sell valerian root powder at??
Effectiveness,Is Omega 3 Fish Oil good for Anxiety and Depression?
Interaction,I am currently taking ginkgo biloba tablets..1 a day for my bad memory. Is it ok to drink alcohol alongside?
Usage,Bee Pollen how much take?
Usage,Vitamin B6 dosage for supplement pill.?
Interaction,Can i take a multivitamin with 3000mcg Biotin?
Adverse_Effects,Does drinking parsley cause natural miscarriage?
Availability,Where can I buy a Uranium supplement?
Interaction,Can raspberry keytones and Wellbutrin be taken together?
Interaction,Can i take whey protein while on prednisone?
Availability,Where can I buy fenugreek powder?
Effectiveness,Will fish oil pills omega3 make me gain weight?
Indication,benefits of fenugreek capsules?
Indication,anyone know anything about taking extra vitamin d's and how it helps?
Interaction,Does Tahitian Noni Juice interact with Azithromycin?
Adverse_Effects,Side effects from taking melatonin?
Availability,"Where can i buy KAVA , PASSION FLOWER "" VALERIAN ROOT all together?"
Interaction,"Mixing suplements Ginko Biloba, L-tyrosene, L-arginine, Ginseng?"
Usage,How much Kratom should I take?
Effectiveness,Can arnica treat mono?
Usage,Is 6000 IU of vitamin D3 supplements per day for a month too much?
Effectiveness,Does cranberry juice help yeast infections?
Background,What foods are high in Vitamin E?
Usage,Do I need to take magnesium with my Calcium/VitD supplement?
Background,vata dosha means increase of air element in the body?.?
Effectiveness,Will taking DHA supplements make my skin darker?
Usage,how do you consume 700 mcg of vitamin A daily?
Safety,Is it safe to take 730mg of iron supplements daily?
Interaction,Is it safe to take biotin and minocycline at the same time?
Effectiveness,Does Valerian root really make you calm?
Usage,Is it safe to double dose with Vitamin D? Packet says take 1capsule but it's to help my psoriasis..?
Adverse_Effects,Is there any side effects of using copper t?
Interaction,Im taking herbs
Availability,Where can I buy Chaga Mushrooms in New Zealand?
Interaction,can you take chlorella supplements with rhodiola supplements?
Availability,Where can i get the best kratom extract?
Effectiveness,is Garcinia Cambogia Extract a scam or does it actually work?
Usage,What dosage of Evening Primrose Oil to take?
Effectiveness,Have you tried Garcinia Cambogia
Availability,Would ginseng pills be available at ANY pharmacy?
Usage,Magnesium supplement usage question for anxiety?
Availability,Is the Herb Kratom banned in the United States?
Safety,can i take probiotics for Diarrhoea? is it safe?
Indication,What are benefits of peppermint water ?
Background,"whats the difference between prebiotics "" digestive enzymes?"
Effectiveness,Will green tea with lemon help with sore throats?
Background,What is the difference between Nux Vomica and Ars Alb in Homeopathy?
Indication,What is Salvia Used for?
Background,What is Salvia Divinorum?
Background,Is Ginseng the same as menthol?
Availability,Does Omega-3 contain medicine available in kolkata?
Effectiveness,Does Raspberry Ketones work?
Effectiveness,Is iodine helpful for your thyroid?
Usage,Can I crush up St John's Wort tablets and take them?
Usage,How to take iron pills?
Usage,How much vitamin d should I take if I don't go outside at all?
Effectiveness,Is it true that gratagrus herbs lowers high cholestoral?
Effectiveness,Is lemon juice really help to dissolve kidney stones?
Effectiveness,does niacin really increase height?
Usage,Can i take 2 glycerin suppository in a day?
Effectiveness,Is gluocosamine HCI with boswellia capsule (Amway nutralite product) help arthrities patient ?
Usage,Do you use Witch Hazel for anything ?
Safety,"Zinc direct Oral Intake, is it Safe??"
Interaction,Can i use Ashwagandha with Fertisure M to treat fertility?
Usage,Is it safe to take two Vitamin C tablets every 18 hours for therapeutic reasons?
Effectiveness,"What tea will make me sleep(kava, passionflower, or chamomile)?"
Safety,"is it ok to take all of these vitamin supplements? omega 3, vitamin d and evening primrose?"
Effectiveness,will magnesium and vit b6 help?
Safety,Is it safe
Effectiveness,and effective to put two drops of basil juice in ears ?
Effectiveness,Saw palmetto for fatter legs?
Effectiveness,St. John's wort for low mood?
Effectiveness,body growth from maca and fenugreek?
Adverse_Effects,melatonin to fall asleep fast?
Usage,"Melatonin at night, 5htp during the day?"
Indication,Is Aloe Vera beneficial
Adverse_Effects,or harmful to hypothyroid patient?
Interaction,Can i take vitamin E and biotine supplements together
Effectiveness,do cranberry pills work?
Effectiveness,Ginkgo Biloba decreasing libido?
Usage,How many vitamin C tablets a day to build muscles ?
Effectiveness,Can zinc supplements help produce more testosterone?
Background,does Nuihuang jiedu pian herbal medicine look yellowish in colour?
Effectiveness,Garcinia Cambogia - Is it any good?
Interaction,Does ashwaghanda badly interact with hops strobile herb?
Availability,Where to buy natural Raspberry Ketone?
Adverse_Effects,Is GHB (4-hydroxybutanoic acid) Addictive or Not?
Availability,Where can I get Calea Zacatechichi(Dream herb)?
Adverse_Effects,What are some side effects of morphine?
Effectiveness,Doeas peppermint really work for nauseous?
Effectiveness,Do CLA supplements and drinking oolong tea really help make you lean?
Adverse_Effects,"Have scoliosis, is it better to be on marijuana for chronic pain or on morphine for chronic pain?"
Adverse_Effects,"do multivitamin cause damage to liver ,kidney like steroid do.?"
Safety,Is it safe to take Arganlife supplements to help cure hair loss?
Effectiveness,Are Ventolin tablets good to build muscles ?
Background,"How does Vitamins, such as vitamin B-complex and Vitamin E help the heart?"
Effectiveness,Will melatonin help anxiety?
Effectiveness,Can Ashwagantha root increse the sexual stmina?
Effectiveness,will cranberry juice clean your colon?
Effectiveness,Do raspberry ketones really work?
Safety,Is tea tree oil safe?
Effectiveness,Does apple cider vinegar really work for gallbladder attack?
Interaction,"is it ok when i use vitamin a, c, e in the same time?"
Availability,Do gas stations still sell ephedrine?
Availability,Name me good Primrose Oil Capsules with include GLA ingredients available in India?
Usage,Is it safe to drink Virgin Coconut oil for 3 consecutive months?
Usage,When would be the best time to take vyvanse and not crash?
Availability,Does GNC sell ephedrine? Or ephedra/ma haung?
Availability,Where can i find Betaine Hcl supplements in UAE?
Effectiveness,can kalonji seeds cure irregular periods?
Background,whats it like to take vicodin?
Effectiveness,Does apple cider vinagar help tummy aches?!?
Effectiveness,Kudzu for alcohol withdrawal?
Usage,How much vitamin d3 is too much?
Adverse_Effects,Can echinacea give you heartburn/GERD?
Effectiveness,Does it work?
Adverse_Effects,Does gotu kola cause liver disease?
Background,What is Milk Thistle?
Indication,What is it used for
Indication,what is vitamin b6 good for?
Usage,Have I consumed too much ginkgo biloba? What is the required dosage?
Effectiveness,Do acai berries really work?
Interaction,Can I take Echinacea while on an immunosuppressant?
Effectiveness,Is it true that cinnamon can be used as a digestive aid? And what about peppermint?
Effectiveness,Does saw palmetto really promote beast growth
Background,What is Calea Zacatechichi?
Background,How does sea buckthorn juice taste like?
Usage,What is a common dose for Valerian tincture?
Interaction,Can I take black elderberry syrup while on Coumadin?
Usage,Is Valerian and melatonin safe to take every day?
Adverse_Effects,does acai berry cause headache?
Usage,Is 1000 IU of Vitamin D3 enough or too much for a 5'7 200 pound woman?
Interaction,"alternative medicine, does mint tea interfere with milk thistle tincture ? read;?"
Effectiveness,Does honey and lemon work for sore throat?
Adverse_Effects,Does taking ElderBerry syrup have any negative effects on people with Diabetes?
Indication,"Does anyone know anything about mangosteen, acai, noni, and goji fruits? What are the benefits of taking them?"
Effectiveness,Can garlic powder be used as a cure for some ailments?
Usage,What is the dosage for castor oil as a laxative?
Effectiveness,Does black walnut hulls over the counter medicine really kill parasites if taken internally?
Availability,Where can I buy grapefruit seed extract?
Effectiveness,does milk thistle work?
Interaction,"can probiotics, fish oils, and apple cider vineger be taken with prescriptions?"
Effectiveness,"is it common for the chinese herb, fo-ti root extract, to affect your dreams?"
Effectiveness,"are brain supplements like ginkgo, acetyl-l-carnitine, and PS effective in treating ADD?"
Effectiveness,Does Ginseng Work? Does it really provide noticeable health benefits?
Usage,Silymarin - how much should you take per day for a sluggish liver?
Usage,Is putting a drop of eucalyptus oil in your nostrils toxic for you?
Effectiveness,How effective is evening primrose oil in treating OCD?
Usage,Black Cohosh - Whats the Average Dosage?
Effectiveness,does ganoderma mushrooms really work ?
Adverse_Effects,does lavender essential oil cause a seizure?
Indication,What are the benifits of 5-HTP?
Effectiveness,"Would apple juice, epsom salt and olive oil flush help eliminate the stones that clogs in my bile duct?"
Availability,does walgreens sell syrup of ipecac?
Interaction,"Is it ok to take antiparasitic drugs, antifungal drugs, and probiotics at the same time?"
Interaction,"wWhat happens if you take melatonin, valerian and a third of a sleeping pill?"
Interaction,Can I take Valerian root and kava kava together?
Usage,How do I use blue/green algae?
Usage,how do you use wheatgrass powder?
Adverse_Effects,what are the side effects of st johns wort?
Interaction,Can you take hawthorn berries (an herbal supplement) with Ambien CR 12.5 mg?
Usage,How much Kanna or Kava Kava should I take
Usage,Can I stop taking glucosamine sulfate?
Effectiveness,is it true that bacopa monnieri can help me concentrate?
Effectiveness,can Valerian Root really help stress and anxiety?
Interaction,"Is it safe to take 5tp, vitamin D and Rhodiola rosea together?"
Interaction,"If im taking penicillin. should I avoid taking my whey protein "" creatine based supplements?"
Background,What is Forskolin is it an herb
Effectiveness,uva ursi cure for uti's?
Usage,can i simply chew ginseng root?
Safety,is argyreia nervosa (hawaiian baby woodrose) safe to consume?
Effectiveness,is hoodia a good product for suppressing appetite?
Usage,How long one can take Nux vomica 200 for irritable bowel syndrome?
Effectiveness,copper cure arthrities pain?
Usage,How long does ipecac last?
Safety,"Is it safe to take Acai Berry, Passionflower, St. John's Wort, and Melatonin?"
Adverse_Effects,could chlorella be bad for the kidneys?
Usage,how can I prepair aloe vera juice from the plant for heartburn?
Indication,Eucalyptus Oil - What is it used for?
Background,what is probiotics?
Indication,benefits
Adverse_Effects,concerns
Adverse_Effects,health risks associated with probiotic therapy?
Background,is kelp and seaweed the same thing?
Availability,where to buy khat in melbourne?
Safety,Is it good and safe to take potassium pills premenstrual for a week to prevent water retention?
Adverse_Effects,does vitamin b50 cause constipation?
Indication,does anyone know the health benefits to barley grass?
Effectiveness,"if i take the herb ""eyebright"" in a tea or capsule will my eyes eventually look brighter?"
Indication,what are the benefits of fenugreek?
Effectiveness,Is Sea Kelp an appetite suppressant?
Effectiveness,does anise tea or Pimpinella anisum help people sleep?
Interaction,Can I take 5-htp together with l-theanine?
Usage,How do you take fresh ginseng?
Interaction,Can I take Cascara Sagrada with metphormin?
Usage,How to use/ prepare Gotu Kola for anxiety?
Interaction,is oral chelation with edta safe?
Availability,where to buy yohimbine/yohimbe in melbourne?
Safety,Is taking propolis safe? (especially same one after 2 years)?
Adverse_Effects,is eating onion and garlic together bad for the bowels?
Indication,are there any proven benefits to taking shark cartilage?
Safety,is royal jelly actually safe?
Availability,where can buy epsom salt magnesium sulfate in malaysia?
Availability,is graviola / annona muricata / soursop / guyabano (these are the names of the same plant) available in india?
Safety,Is gingko (ginkgo) biloba safe to take?
Background,What is Kratom.................?
Safety,"taking celery "" juniper capsules every day bad?"
Effectiveness,Does resveratrol increase testosterone?
Interaction,Can I drink alcohol while taking avena sativa?
Adverse_Effects,Can taking Rhodiola Rosea and 5HTP cause serotonin syndrome and how quicky would I know?
Background,are these herbs stimulants or depressants (as in how mint is stimulating and chamomile settles you down)?
Indication,What is Oil of Evening Primrose good for.?
Interaction,Is it safe to take L-Theanine while on Trileptal and Abilify?
Interaction,If I'm allergic to hemp can I use salvia?
Interaction,Can you use Bacopa (Brahmi) and Valerian Root (Tagara) herbs together?
Indication,what it does
Effectiveness,do you think it is effective
Usage,how they do it
Usage,"Geranium""Jojoba oil for wrinkles/cellulite, how long would it take to show results?"
Safety,Im 12 and i want to know if biotin vitamins are safe?
Adverse_Effects,"Has anyone in here ever used Mugwort, and had unpleasant side effects from it?"
Interaction,Is it ok to take Acai Berry along with Protein supplement?
Usage,Can someone overdose on Vitamin C tablets?
Usage,how much wintergreen oil is toxic?
Usage,Is fish oil in liquid form more effective than in capsule form?
Effectiveness,5HTP or L-tryptophan?
Usage,Best way to take cayenne and ginseng?
Effectiveness,Can Bepanthen help yeast infections?
Effectiveness,Does coconut oil lower your blood pressure?
Safety,Are shrooms generally safe?
Effectiveness,Can chamomile tea help me relax?
Availability,Does anybody know where I can get poppy pods?
Adverse_Effects,"If I take 5-HTP pills daily, will my body stop producing serotonin naturally?"
Background,what is better for you EPA OR DHA IN FISH OIL OMEGA 3?
Interaction,Can u drink while taking AcaiBerry?
Usage,How much fish oil a day?
Availability,Where can I buy flaxseed in London?
Availability,where can i get ginko biloba in england?
Effectiveness,"Do medicinal mushrooms have detoxification "" antioxidant properties great enough to measure clinically?"
Availability,"Where can I purchase magnesium glycinate, magnesium malate and kelp tablets with no other ingredients?"
Effectiveness,Would sam-e medicine help?
Availability,Where could I buy cranberry pills?
Availability,is Dextroamphetamine an over the counter medicine?
Effectiveness,Does Aloe Vera work for hair regrowth?
Adverse_Effects,what are the side effects of using silver?
Usage,glucosamine sulfate and omega 3 dose?
Safety,Is Vitamin E Safe Or Not !?
Availability,where can i find vitamin c powder? IN UK :) xx?
Usage,how many Evening Primrose Oil capsules should i take?
Availability,where can i buy lycopene capsules in india?
Effectiveness,is goji juice good for hepatitis?
Availability,where can i buy curcumin capsules in india?
Adverse_Effects,Would lacing my food with Ipecac still make me vomit?
Interaction,Can I take St.John's wort with Ginkgo Biloba together? Any negative effects of such mix?
Safety,Why is Aniseed Oil unsafe for use in Aromatherapy?
Usage,what is the time taken by aloe vera gel to show its effects and when can i come to know its effects?
Effectiveness,Does Ginkgo Biloba cure vitreous hemorrhages?
Indication,What are the health benefits of the herb Cat's Claw?
Interaction,Is it safe to take Chasteberry with Metformin?
Usage,How long should I take milk thistle for?
Effectiveness,Could Ginkgo biloba help you study?
Interaction,Can I drink alcohol while taking L-tryptophan?
Usage,how much aloe vera juice should i drink?
Background,What is Cascara Sagrada?
Interaction,"Can you take Holy Basil, Ashawagandha, Curcumin and Passion Flower together?"
Availability,Where can I get some Mugwort?
Usage,What do i combine with 5HTP to make it work?
Background,Is vitamin B6 the same as vitamin B7
Usage,"How to take \""Horse Chestnut\"" alternative medicine?"
Indication,What do evening primrose pills do?
Interaction,"Is it okay to take 5-htp "" omega 3 "" ginkgo biloba together at the same time?"
Interaction,Can you take Quercetin with Adderall?
Safety,Is it safe to take 50mg of American Ginseng extract for the long term (2+ years)?
Interaction,Can I take sea kelp tablets and Vitamin B Biotin tablets.... Is it safe?
Interaction,is it safe to take kratom while on lexapro?
Adverse_Effects,Has anyone experienced kidney pain from taking diatomaceous earth?
Usage,Could I be taking too many Kelp pills?
Background,What are the fundamental differences between Niacin and Niacinamide?
Indication,What are the benefits of seaweed?
Effectiveness,is HONEY a good treatment for acne ?
Effectiveness,does forskolin resensitize dopamine receptors?
Indication,What are the benefits of Omega-3 EPA and DHA ?
Indication,what are estrogen shots used for?
Adverse_Effects,Omega 3 Fish Oil capsule side effects?
Usage,what is a safe dose of dha vitamin supplement?
Effectiveness,Does Avena Sativa mother tincture work?
Interaction,Does anyone know is it safe to take siberian ginseng with sodium valproate?
Interaction,"Is It Safe To Take Valium, Rhodiola Rosea And Valerian Root Together ?"
Effectiveness,Ginseng and Ginkgo Biloba for Anxiety.?
Interaction,Is it ok to take Kudzu with Milk Thistle?
Interaction,"Does Grapefruit Juice (a 1/2 C a day) effect Hydrocodone, Ranadine, Salsalate,Vitamin D or Klonopin ?"
Interaction,Can you take Rhodiola with YAZ Birthcontrol?
Indication,does anyone know astaxanthin benefits?
Interaction,is it safe to use coleus forskohlii with zoloft?
Effectiveness,Is st. john's wort or 5htp better for depression?
Safety,is yohimbe safe to use?
Indication,what is garcinia cambogia good for?
Indication,what is garcinia cambogia good for?
Background,is phenibut and xanax at all alike?
Indication,What are probiotics used for?
Interaction,I'm wondering if kratom tea will effect my bipolar meds.?
Indication,benefits of kelp supplements?
Effectiveness,Do acai berries really help one to lose weight fast?
Safety,is quercetin safe to take long term?
Safety,is quercetin safe to take long term?
Effectiveness,Is saw palmeto really good for prostate?
Effectiveness,Ipecac Syrup to induce vomiting?
Safety,Is it safe to take omega 3 fish oil capsules and folic acid?
Background,Is vitamin E a natural preservative?
Background,how much is 5000 IU of vitamin D-3?
Background,Does sesame oil really provide sun protection
Adverse_Effects,""" is it okay to use on the face?"
Usage,Should I take vitamin c twice a day?
Background,"I need to take 5,000 IU of Vitamin D3 but the bottle says 200 MG. How many MG's are in IU's?"
Adverse_Effects,Can you drink castor oil?
Interaction,would it be okay to take both resveratrol and ta65?
Safety,Will Ipecac kill me if i take a small dose once?
Interaction,Can you take Niacinamide and 5htp Together?
Indication,My friend brought me a combination of belladonna and arnica. What are its uses?
Interaction,Is it safe to mix these herbs? Gingko Biloba / Ginseng / Milk Thistle and Co Q10?
Usage,What do to about the dosage of homeopathic Belladonna? Please Answer! Emergency!?
Interaction,Is it safe to take Milk Thistle with Lovaza (4GM per day)?
Interaction,Can I take vitamin c along with vitamin b12?
Usage,When is the best time to take your vitamin E supplement?
Effectiveness,does L- theanine really work?
Interaction,Can I take oregeno oil with grapefruit seed extract? (For a cold)?
Interaction,Grated apple and japanese radish with pure honey are best for sore throat?
Availability,what is the best product containing EPA and DHA available in India?
Effectiveness,does ginseng really work and can u stay up all night on it?
Usage,How do i injest propolis correctly? Eat it or chew it?....?
Indication,"Which is the better supplement, Wheatgrass or Barleygrass?"
Background,How exactly does vitamin C helps our body to fight against cold?
Adverse_Effects,I feel so weak after drinking Valerian root for my anxiety?
Interaction,What is the best combination
Usage,"and what is the best way to cycle L-Theanine, L-Tyrosine, and 5-HTP?"
Adverse_Effects,Can ginseng or the drink fuze make heart race please read below?
Usage,How much is the right amount of probiotics?
Interaction,Can u use Black Cohosh with Maca?
Effectiveness,Is milk thistle good for the liver?
Effectiveness,Can Myopia Be Cured With Enough Vitamin A?
Usage,Do I leave on apple cider vinegar when using as toner?
Indication,What do Acidophilus pills do to you?
Interaction,For people with rheumatoid arthritis have you ever used Bromelain with Quercetin ?
Background,"Are Creatine 189, Tribulus Terrestris Extract or Fenugreek Seed extract banned by the NCAA?"
Usage,How much red clover tea do I need to drink to improve my fertility?
Indication,Benefits of honey and cinammon?
Indication,Favorite uses for grapefruit seed extract?
Safety,Is it safe to consume glycerin (a.k.a. glycerol) as part of a supplement stack?
Interaction,Can I take Omega 3 Fish Oil and Flaxseed oil at the same time?
Effectiveness,does resveratrol really work?
Effectiveness,Can milk thistle help with liver failure?
Adverse_Effects,What are the possible effects of kratom extract?
Safety,Can you take 5htp and Sam-E?
Background,Is it true that Curcumin cures cancer?
Interaction,Can I take Lomotil and Topamax together safely?
Safety,Is Pueraria Mirifica safe?
Interaction,Is it ok to take a centrum multivitamin and a 500 mg vitamin c tablet in the same day?
Background,Is vinegar and honey a good source of potassium?
Background,Which Milk Thistle Silymarin product helps liver function better?
Interaction,is it ok to take st john's wort and omega 3 supplements together?
Background,Is barley grass nutritious? What about wheat grass?
Effectiveness,Is Probiotics an indigestion remedy?
Usage,How many billion active cultures of probiotics should I take per day?
Interaction,"Can I mix Melatonin, Valerian, l Theanine, 5 HTP and Passion Flower?"
Interaction,"shall i take vitamin b'complex, folic acid and multivitamin capsule all together?"
Effectiveness,Does ginkgo biloba work?
Usage,Do I have to eat my Omega 3 supplements as instructed?
Background,which vitamin D is better D2 or D3?
Usage,How long does it take UVA Ursi to start working?
Effectiveness,Does smoking ipecac induce vomiting?
Effectiveness,can walnut oil be used for ear itch?
Background,Can you overdoes on L-Theanine?
Background,How long do 350mg of Silymarin Marianum stay in your system?
Background,whats vitamin B12 and/or B6 do?
Usage,Best time of day to take omega 3 supplement?
Effectiveness,should i use yogurt or probiotics to cure BV?
Effectiveness,Does omega-3 make me smarter?
Effectiveness,Does vitamin d3 help you sleep?
Effectiveness,which is better for blood pressure - coleus forskohili or hawthorn?
Indication,Benefits of Vitamin D tablets?
Background,What's the difference between Algal DHA and Fish Oil?
Effectiveness,do you really think hemp oil can cure cancer?
Usage,Can a 18 year old take bacopa monnieri supplement (memory enhancer)?
Usage,how much DL-Phenylalanine can you take?
Indication,Resveratrol Benefits Consumption?
Adverse_Effects,What symptoms can you get from taking Ginseng?
Background,Anyone know anything about the herbs Mugwort and Mullen Leaf?
Background,What is Milk Thistle?
Usage,What is it used for?
Adverse_Effects,Why would my eyes start burning after eating almonds?
Background,is 8150 iu of vitamin a in a hair vitamin high?
Background,Can calcium supplements only be absorbed with vitamin D?
Interaction,"Is it safe to take a supplement called \""theanine serene\"" with 5-htp?"
Indication,What are the benefits of Hemp lotion?
Indication,which probiotic is better
Usage,what time of day is the best time to take raspberry ketone supplements?
Effectiveness,"Vitamin B, so many of them which one is best?"
Effectiveness,Vitamin D makes you taller in a month
Adverse_Effects,Can vitamin D3 cause rapid heart rate? ?
Safety,Is Prednisone Safe... Best answer?
Indication,what is omega 3 fish oil good for?
Availability,Is there an OTC Vitamin K supplement?
Effectiveness,do raspberry ketones really work?
Usage,how many doses of 1000mg tablets of vitamin C is it safe to take per day?
Interaction,Why can't I eat a grapefruit while taking Amitriptyline?
Interaction,Can I take a B complex vitamin in addition to a Centrum Multi-Vitamin?
Effectiveness,Omega 3 for High blood pressure?
Interaction,Drinking grapefruit juice whist on fluoxetine (Prozac)?
Adverse_Effects,I overdosed on potassium bitartrate and now the tendons in my glutes hurt when I walk? How to cure myself?
Interaction,"melatonin, valerian, SJW, milk thistle interactions Help please!?"
Usage,Do I need to take my b12 vitamins at the same time every day?
Adverse_Effects,Do Probiotics cause constipation?
Effectiveness,Is Omega 3 also helpful in joints pain?
Usage,"How do I use Jojoba oil to treat acne(amount, application, etc)?"
Safety,Is Ephedra safe in a small amount?
Effectiveness,Can 5HTP supplements help relieve muscle tension?
Background,How long do the effects of inhaling clary sage essential oil last?
Usage,How much dha is safe to take?
Effectiveness,Will vinegar clean out my system?
Background,How does Vitamin C protect the immune system?
Background,What do fish oil pills do?
Effectiveness,Does vitamin c pills really prevent u from getting sick?
Background,What's in iron that make some people get nausea from it?
Usage,whats the dosage of ginkgo biloba for ADD treatment ?
Background,Bio oil vs tea tree oil?
Adverse_Effects,"Does Grapeseed, Almond, and Olive oil clog pores?"
Interaction,"Is it safe to take Kava with SAM-e, St. John's Wort and Ginkgo Biloba?"
Safety,"Forskolin, is it safe?"
Effectiveness,Do omega 3 pills help during study?? ?
Background,which ginseng is best for ADD ( concentration )?
Background,Why does Ephedra (a Stimulant) make me sleepy?
Background,i want to take creatine as a supplement is that the same as creatinine ?????
Usage,How many vitamin c pills should i take a day?
Usage,Should I take my multivitamin 3 times a day?
Background,Is it normal for 5HTP to make you feel sick and hot?
Usage,dosage of creatine use safe?
Interaction,Will ginger interact with my antibiotics?
Effectiveness,Can Apple Cider Vinegar really remove dandruff?
Interaction,"Saw Palmetto, Evening Primrose Oil together for acne?"
Interaction,can i take Ginko Biloba and Panax Ginseng?
Background,"Are Thistle "" Teasels the same?"
Indication,Can you suggest some uses of castor oil plant in alternate medicine?
Interaction,is it ok to take a cod liver oil supplement with a evening primrose oil supplement together?
Adverse_Effects,What would happen if you drank belladonna oil?
Effectiveness,Has anyone here tried Milk Thistle or Bentonite Clay capsules for Aspergers? Did they work for you in any way?
Background,What is the best form of Milk Thistle to take?
Effectiveness,Are Hawthorn herbal tablets good for circulation?
Adverse_Effects,Hibiscus tea negative side effects?
Adverse_Effects,Why do I get a strange side effect from taking Ginkgo Brahmi supplement?
Usage,How many Melatonin 10mg pills can you take?
Background,When on Ridalin how much weight do you loose?
Background,Can a DO prescribe prescriptions?
Adverse_Effects,chamomile oil and side effects?
Background,By how much does herbal supplementation of milk thistle increase estrogen?
Adverse_Effects,Are there saw palmetto topical solution side effects?
Background,What is Rhodiola Rosea?
Interaction,can i take paracetamol with grapefruit juice?
Effectiveness,Colloidal Silver for Pink Eye?
Effectiveness,will black elderberry extract boost my immune system after a heavy bout of the flu?
Interaction,"can you take amoxicillon, cordyceps, elderberry, zinc, calcium, and mushroom complex together?"
Interaction,can you use korean ginseng and ginkgo biloba supplements at the same time?
Usage,Are taking daily magnesium and potassium pills safe?
Background,Does Rooibos tea contain L-theanine?
Indication,How can I use eucalyptus essential oil?
Effectiveness,Is Omega 3 Fish Oil good for Anxiety and Depression?
Effectiveness,Does Hibiscus Tea/Supplements Really Lower Blood Pressure?
Adverse_Effects,Will fish oil pills omega3 make me gain weight?
Effectiveness,Does iodine/ kelp increase your appetite?
Usage,What dosage of Evening Primrose Oil to take?
Effectiveness,is Garcinia Cambogia Extract a scam or does it actually work?
Interaction,can you take chlorella supplements with rhodiola supplements?
Effectiveness,Do the zi xiu bee pollen diet pills work?
Effectiveness,Have you tried Garcinia Cambogia
Background,What is the difference between Nux Vomica and Ars Alb in Homeopathy?
Availability,Where i can buy niacinamide tablet in india?
Interaction,Can I take Evening Primrose Oil and Multivitamin together?
Adverse_Effects,"Does cholesterol, potassium, or fiber cause weight gain?"
Background,What is the diffierent between tee tree and eucalyptus essentail oils?
Effectiveness,Is chamomile the best remedy for insomnia?
Indication,health benifits of diatomaceous earth?
Interaction,Safe to take DMAE with ALCAR?
Indication,Is Aloe Vera beneficial
Adverse_Effects,or harmful to hypothyroid patient?
Effectiveness,Is gluocosamine HCI with boswellia capsule (Amway nutralite product) help arthrities patient ?
Effectiveness,Please tell me which is better medicine for Memory -:Centella Asiatica (Gotu Kola) and Bacopa Monnieri(Brahmi)?
Adverse_Effects,are there any dangerous side effects that anyone has experienced with the supplement milk thistle?
Effectiveness,Garcinia Cambogia - Is it any good?
Effectiveness,Do CLA supplements and drinking oolong tea really help make you lean
